# OWC/Occult search, Rocky Point NY: 20 km from shadow, star mag <= 15, min duration 0.4 s, aperture 25 cm,
# 4 detection frames, probability > 0, min star altitude 5 deg. Copied 2026-10-01. Star mag and drop are V.
target_id,name,event_utc,star_mag_v,mag_drop_v,max_dur_s,altitude_deg
218001,2001 XQ72,2026-10-06T03:14:45,5.61,1.56,0.51,42
21641,Tiffanyko,2026-10-06T04:26:28,8.10,10.89,0.95,23
111287,2001 XT47,2026-10-04T00:55:27,10.42,9.30,0.86,20
305580,2008 YO22,2026-10-03T04:23:14,12.08,9.74,1.10,36
819762,2014 MK56,2026-10-06T08:46:28,12.11,11.85,0.54,78
317752,2003 ST61,2026-10-05T07:55:30,12.28,7.53,0.48,20
229912,4378 T-3,2026-10-02T01:00:12,12.78,7.41,0.51,25
164671,1996 XC12,2026-10-05T06:16:08,12.90,6.69,0.84,70
800,Kressmannia,2026-10-07T00:43:35,12.97,1.94,0.74,22
167022,2003 QL33,2026-10-04T08:38:45,13.13,7.46,1.83,69
54653,2000 SB350,2026-10-04T07:56:05,13.37,6.84,2.07,51
70141,1999 NE18,2026-10-03T07:07:34,14.06,6.47,4.33,52
4272,Entsuji,2026-10-02T02:45:53,14.09,1.37,1.55,23
187845,1999 XW109,2026-10-07T04:49:28,14.20,5.67,2.34,39
